{
  "A": [
    13.5,
    16.25,
    18.5,
    21.75,
    47.5,
    98.5,
    105.5,
    106.25,
    120.0,
    124.75,
    126.5,
    127.75,
    129.66667175292969,
    131.0,
    132.0,
    136.16667175292969,
    136.83332824707031,
    136.91667175292969
  ],
  "S": [
    1.0,
    4.5,
    5.0,
    8.5,
    9.0,
    11.0,
    13.25,
    14.5,
    15.75,
    17.0,
    19.75,
    23.0,
    25.75,
    26.5,
    28.5,
    33.0,
    36.5,
    37.0,
    40.5,
    41.0,
    43.0,
    47.25,
    47.75,
    48.5,
    49.0,
    52.5,
    53.0,
    56.5,
    57.0,
    59.0,
    63.5,
    64.5,
    71.75,
    72.75,
    74.75,
    76.0,
    76.5,
    77.75,
    78.5,
    81.25,
    85.75,
    87.75,
    88.75,
    90.75,
    92.0,
    92.5,
    93.75,
    94.5,
    95.75,
    96.5,
    97.75,
    101.5,
    102.25,
    103.0,
    107.75,
    113.0,
    115.0,
    115.75,
    117.25,
    119.25,
    120.75,
    122.5,
    123.5,
    124.5,
    126.25,
    127.5,
    129.16667175292969,
    130.16667175292969,
    130.66667175292969,
    131.66667175292969,
    132.66667175292969,
    133.5,
    134.75,
    135.5,
    136.0
  ],
  "D": [
    2.0,
    3.25,
    4.0,
    6.0,
    7.25,
    8.0,
    10.0,
    10.5,
    12.0,
    13.0,
    13.75,
    15.0,
    15.5,
    16.5,
    17.75,
    19.5,
    23.25,
    23.75,
    34.0,
    35.25,
    36.0,
    38.0,
    39.25,
    40.0,
    42.0,
    42.5,
    44.0,
    46.0,
    47.0,
    48.0,
    50.0,
    51.25,
    52.0,
    54.0,
    55.25,
    56.0,
    58.0,
    58.5,
    60.0,
    63.25,
    63.75,
    65.25,
    69.75,
    71.5,
    72.25,
    73.5,
    74.25,
    75.5,
    77.25,
    79.25,
    79.75,
    81.0,
    81.5,
    82.5,
    83.5,
    85.5,
    86.0,
    87.5,
    88.25,
    89.5,
    90.25,
    91.5,
    93.25,
    95.25,
    96.25,
    97.5,
    100.5,
    103.25,
    103.75,
    106.5,
    113.25,
    115.25,
    116.5,
    117.375,
    118.0,
    118.5,
    119.75,
    121.5,
    124.25,
    125.75,
    127.25,
    128.0,
    128.5,
    131.16667175292969,
    134.25,
    136.33332824707031
  ],
  "J": [
    1.75,
    2.5,
    3.5,
    5.75,
    6.5,
    7.5,
    9.75,
    11.75,
    12.5,
    13.5,
    14.5,
    16.25,
    17.5,
    19.0,
    20.0,
    21.0,
    21.5,
    22.25,
    23.5,
    24.0,
    24.5,
    25.0,
    25.5,
    26.25,
    27.0,
    27.5,
    28.0,
    29.0,
    32.0,
    33.75,
    34.5,
    35.5,
    37.75,
    38.5,
    39.5,
    41.75,
    43.75,
    44.5,
    45.75,
    46.25,
    46.75,
    49.75,
    50.5,
    51.5,
    53.75,
    54.5,
    55.5,
    57.75,
    59.75,
    60.5,
    61.0,
    62.0,
    63.0,
    64.0,
    65.0,
    65.5,
    66.5,
    67.5,
    69.5,
    70.0,
    71.25,
    72.5,
    74.5,
    75.75,
    77.5,
    79.5,
    80.5,
    81.75,
    82.25,
    82.75,
    83.25,
    83.75,
    85.25,
    86.25,
    86.75,
    87.25,
    88.5,
    90.5,
    91.75,
    93.5,
    94.25,
    95.5,
    97.0,
    98.25,
    99.0,
    99.5,
    100.0,
    101.0,
    103.5,
    104.0,
    104.5,
    105.0,
    107.0,
    108.0,
    109.0,
    112.0,
    113.375,
    114.5,
    116.25,
    117.5,
    118.25,
    118.75,
    120.25,
    123.25,
    123.75,
    125.5,
    126.75,
    128.125,
    128.625,
    129.0,
    129.5,
    130.5,
    131.5,
    132.5,
    133.75,
    134.5,
    135.0,
    135.33332824707031,
    135.66667175292969,
    136.66667175292969
  ],
  "K": [
    3.0,
    3.75,
    7.0,
    7.75,
    13.0,
    13.25,
    13.75,
    15.0,
    15.75,
    16.5,
    17.0,
    20.5,
    24.25,
    35.0,
    35.75,
    39.0,
    39.75,
    45.0,
    45.5,
    46.5,
    51.0,
    51.75,
    55.0,
    55.75,
    61.25,
    61.75,
    62.25,
    62.75,
    65.75,
    66.25,
    66.75,
    67.25,
    67.75,
    69.25,
    70.25,
    70.75,
    72.0,
    74.0,
    75.25,
    77.0,
    78.25,
    79.0,
    80.25,
    82.0,
    83.0,
    84.0,
    85.0,
    86.5,
    88.0,
    90.0,
    91.25,
    93.0,
    95.0,
    102.5,
    104.25,
    105.75,
    107.5,
    113.5,
    114.0,
    115.5,
    117.625,
    120.5,
    122.0,
    123.0,
    124.0,
    125.25,
    126.0,
    127.0,
    129.33332824707031,
    130.0,
    130.33332824707031,
    131.83332824707031,
    132.33332824707031,
    132.83332824707031,
    133.25,
    135.16667175292969,
    135.83332824707031,
    136.5
  ],
  "L": [
    15.5,
    18.25,
    22.5,
    27.75,
    45.25,
    61.5,
    62.5,
    66.0,
    67.0,
    68.0,
    69.0,
    70.5,
    99.75,
    101.75,
    108.5,
    113.625,
    117.75,
    119.5,
    129.83332824707031,
    130.83332824707031,
    131.33332824707031,
    132.16667175292969
  ],